Position,mean_Stiffler_z,mean_Deng_z,mean_Firnberg_z,mean_all_z,Conserved,Conserved_Shannon
24,0.7868983327185225,0.08930374325166517,0.8918000606302079,0.5777007372605136,0.44504399824785157,-1.083763691412806
25,0.8993903239864297,0.18049708174138293,0.4934498624782986,0.5108114081444228,0.47135914459342354,-0.8207108474338776
26,0.9986619933971626,0.6701280293970061,0.9066851242672096,0.8494554515783603,0.41988282660713816,-1.1583656957357151
27,-0.5101567691684447,-0.25561404574443986,-0.5141418152000604,-0.4266375433709817,0.43905644478772465,-1.0552951333449023
28,0.37742127865741876,0.13261241964424691,0.09062116634799094,0.20848976911229272,0.49509430490358697,-0.654549861203718
29,0.98959579291075,0.9538782984215523,0.8503695424018975,0.9374250803915603,0.36972642275547535,-1.3323460408601548
30,0.16646097567344,-0.1731574633777328,0.26513090653348986,0.08614480627639903,0.3765569905611585,-1.2530009211115918
31,-0.8445695642152012,-0.48576025846080284,-0.6196695512587921,-0.6494483324015475,0.5037310552097685,-0.530531994681621
32,0.6821847287713269,0.16089673092229495,0.6434185596215547,0.4894163105199179,0.4166014391972988,-1.2374394801651167
33,0.8672962776020641,1.219911868998945,1.0395842948790976,1.0227637204917956,0.2980925703074511,-1.7733756943549488
34,-0.1751080512589602,-0.36551394580906466,-0.2036598798407228,-0.24970974366517745,0.41589491642915827,-1.1402855819963946
35,-1.0911882882421484,-1.029859380005089,-0.9004826332981644,-1.0056765614485805,0.8496672108416871,0.9267047247584113
36,0.9858659209417835,-0.8418517501569456,1.1919262512751798,0.4181639184834541,0.2744651070549537,-1.7240357116359102
37,0.9820625608739268,-0.6968375568376003,1.228895383761584,0.5047067959326368,0.39411071112352675,-1.180306024990789
38,0.006631779638007204,-0.3292037323959343,-0.13528340381516724,-0.15261845219103146,0.7698904791382083,0.404773963687966
39,0.7117978811026806,-0.22879255001027787,0.8079634394411768,0.4165905411137393,0.5179318077835819,-0.9187109790317433
40,-0.3914932304662125,-0.22153667268170465,-0.4112294031178898,-0.34141976875526886,0.6124586736256771,0.07520402155281962
41,0.4189108883948302,0.37030811280178666,0.3997673157304491,0.3963287723090221,0.8788182895906341,1.105376970734494
42,-0.38365202588091046,0.26510352099853923,-0.39641705252418247,-0.16786952794363588,0.5744667167265701,-0.21221544927155636
43,-1.3384532134173486,-0.33516365505961965,-1.0180366082816263,-0.8820538305688878,0.8889111171642604,1.1885832376444196
44,-1.0110852457039723,-0.7253727999456538,-0.731952563597789,-0.8321718764610117,0.42705903992998784,-0.9972317380305964
45,-0.4124631120432791,0.33754536521048156,-0.08648356943637392,-0.040882661098017005,0.4094813583605719,-1.2261053799800468
46,0.32924247061211154,0.8165327854111994,0.20789210776508094,0.46474080719785577,0.39111448720766573,-1.169770114147109
47,-0.33055356250232054,-0.07544287382923491,-0.30216179282780364,-0.23487222430714325,0.48811504627712243,-1.0838285492791466
48,-0.6427770604886353,-0.2733251332327188,-0.5672106088948548,-0.4944376008720696,0.701396404316866,0.03803563069041098
49,0.03913220568701444,0.25357952655318006,-0.048754230744115286,0.08364190641374325,0.45742708199195264,-1.0863745317892721
50,1.0165644385534478,0.8757418315159322,1.169347571226998,1.023159106488377,0.2934524689522365,-1.8087181240517818
51,0.18703401761038546,0.7333759814063461,0.07514294969038149,0.3414607862834109,0.5839446244122491,-0.4372953082544384
52,-0.49053528367196586,-0.17068186178072747,-0.6054084124448981,-0.42220851929919706,0.720153434021179,0.09497361365081637
53,0.8470881774991238,0.807799428369914,0.9347359399046039,0.8632078485912139,0.34161321443360365,-1.507631831910484
54,0.37465999309822745,0.5325151420119764,0.5222979153896641,0.47567303650192544,0.262414064151679,-2.0208199756734895
55,0.1509635307238457,0.5654089738720076,0.0810496278962536,0.265807377497369,0.41424167709496207,-1.1294160381226646
56,0.2398970878769558,-0.09432772548866511,0.2072771254735073,0.11761549595393263,0.3796681151467069,-1.3963768978286901
57,0.6732898405774541,1.0037275762216773,0.6853536572248006,0.7874570246746442,0.46126846967632373,-0.6517169868807695
58,0.30814579129908237,0.3842789050268378,0.16577121353671195,0.29763204268666277,0.5158456224543094,-0.5481368207204483
59,-0.7541202492711941,-0.22366162450556187,-0.7536374695738499,-0.5771397811168686,0.8178033524641708,0.6538651751293098
60,0.8165013988268066,0.838521941428429,1.0595519489943759,0.8992332108682524,0.3993000075504645,-1.1269217193261074
61,0.8982818026391574,1.1234746357258492,1.0053262314513376,1.009027556605448,0.5230171662390888,-0.6688271184113819
62,0.004532670088196104,-0.5660166081964938,-0.03385090740246895,-0.20758906189809553,0.8467779454688562,0.8200648415179258
63,-0.056406558142333744,-0.4654172532775843,-0.23524038252472157,-0.25235473131487984,0.8967068518305142,1.135831899587663
64,-1.238791119827914,-0.9460487494166089,-1.0117473870802096,-1.0576017257024177,0.9068167866988132,1.21936431463141
65,-1.106135464732125,0.0846135220487682,-0.9990205348724545,-0.6657887787290768,0.8771434876750707,1.0528967406205914
66,-0.5284527062515867,0.6686325571203059,-0.46562345066627797,-0.09320950879364441,0.6284167463533601,0.13064990986893077
67,-0.09251664182749299,0.10525732612953281,0.04493939236337571,0.01922669222180518,0.3965902731045049,-1.198117658560361
68,-1.305852703593456,-0.1085532340264022,-1.1330236369181388,-0.8237704408415105,0.9169221615642249,1.3030571967081637
69,-1.1299719347739654,-0.43841310591413374,-0.9971323413288384,-0.8502653272062112,0.9169221615642249,1.3030571967081637
70,-0.2821579596935797,-1.3371041666220118,-0.40822705810443843,-0.6517833849224826,0.8077929245057064,0.6243396176839837
71,-1.5583023682221142,-0.5224511205497927,-1.1330835795703171,-1.0240263954121078,0.9169221615642249,1.3030571967081637
72,-0.5226837769563328,-0.025936626048849196,-0.6079731598086837,-0.3797249356224253,0.5468406106584867,-0.348816740372074
73,-0.08074693313694904,0.35934309437467943,-0.16901287357565983,0.03652776255402352,0.7305597358829482,0.21153847458893804
74,-0.9220598480984216,-0.03800506575207745,-0.7797613895639393,-0.5621765235487564,0.6614018866329334,0.19777826303116228
75,-0.7763147796202705,-0.04523424837271745,-0.5581683901238743,-0.459905806038954,0.8569049535403673,0.8869833207182192
76,-0.4730140203788319,0.013238583854891302,-0.69118634771202,-0.3844126231312081,0.7086268375544779,0.4304448412781678
77,0.6665611505480615,0.6871368868495565,0.5608104178636434,0.6395508970017915,0.766572769155508,0.2744566573187062
78,-0.8161287785030223,0.027273837362759047,-0.7910377752296952,-0.5266309054566528,0.638475885010259,-0.04177649154726091
79,-0.9874301899207731,-0.5222842183157089,-0.937624924929416,-0.8157797777219663,0.9169221615642249,1.3030571967081637
80,0.9005754082980286,1.3439269277844172,0.8757680073747861,1.0425814485248102,0.4828651560686497,-0.7825218313165272
81,0.2195268428218391,0.42333538562777884,0.041010542443429616,0.22795759029768245,0.6929598569872178,0.05300629150548951
82,-0.03941888000158795,-0.7392101811559896,-0.20343429003847122,-0.32735445039868283,0.8109420129321195,0.7388719753007272
83,-0.6731511115540464,-1.1362387314554836,-0.815854033231504,-0.849969999832735,0.9068167866988132,1.21936431463141
84,0.9303351587582426,0.15731536670034835,0.908685645128603,0.661101814214787,0.5627432650460341,-0.7807801591872714
85,0.4930217638780898,-0.317072597042306,0.16376657859888016,0.11323858181155465,0.8558747376299213,0.8043861003808114
86,1.003957287368331,0.7613370641712764,1.0164560182394833,0.9258803524720426,0.43048845714390965,-1.1002638450035716
87,0.03992753470436687,-0.5793170363940721,-0.25385257602607825,-0.25879075786081807,0.6916854997083668,-0.02759787526977352
88,0.9783455760723214,0.7206619228787015,0.9811784643314294,0.8934477819878381,0.4478983479595473,-1.2058181491330517
89,-0.26750855390151884,0.13584215811301878,-0.4701386960966638,-0.2006016972950547,0.8662349303810674,0.91606181772292
90,0.9719743093755887,0.8997505734591856,0.9758539930966371,0.9500758583792432,0.4291199791140648,-0.9597410714122748
91,-0.19921070733960342,-1.226379678580369,-0.47786738892425934,-0.6344859249480771,0.7209697107311686,0.1394891233933747
92,0.6898796576526873,0.15848034859193894,0.5475507122714669,0.4764607809931252,0.5267524469600443,-0.9143525170471294
93,-0.5427761512503235,-0.9766356843062115,-0.6702637558995309,-0.7298918638186889,0.6600666047852075,0.18436580000412833
94,0.9615167208400133,-0.8746536948453338,1.0783213961414406,0.39881520580527574,0.3272501902084572,-1.636637593720927
95,-0.46984405515554756,-0.8358940503291262,-0.5977500870785553,-0.6233072871798884,0.6530491098594701,0.2230786605379072
96,0.9664703272183741,1.1364944665348404,0.9358970030152746,1.008461549191484,0.3742066731787983,-1.5085034243824842
97,0.9862307788324169,0.3802858268011892,1.2530210748152164,0.8593667959799489,0.42682943241538723,-1.0203087541816964
98,0.971552307995159,1.1686431429963293,1.1942782577971636,1.1068919572887572,0.3263502862904019,-1.546766718970237
99,0.3695588418025052,-0.2525668203654189,0.2210105083280055,0.11266750992169727,0.7193362310305301,0.12293013768309745
100,-0.3929296925993159,-0.20673238183104928,-0.6772817373684733,-0.40665670706988777,0.906167936631766,1.1905615076462825
101,0.352657176759703,0.7095385646731657,0.2798486519848462,0.45998960126409827,0.875801340174934,0.9404526031999868
102,0.9289686109846039,-0.05701841110958371,0.9067615232251413,0.5627252908226414,0.4327596374813131,-0.9622965202345454
103,-0.2259289795447475,-0.4614518519431585,-0.6327924312318657,-0.4366160635793537,0.8668005829841716,0.9568383728425891
104,-0.7949257279136784,-0.7066962646848785,-0.8707132878848411,-0.7893510185946379,0.9459696571745168,1.4426377907003383
105,-0.438891250220917,-1.0801805242003708,-0.6474529705434259,-0.7221749149882377,0.9459696571745168,1.4426377907003383
106,0.36370291696254003,-0.032152738683071995,0.2093646934906727,0.18030495725671358,0.8070644668316117,0.5551977413485748
107,-0.671850460665308,-0.9660076788126846,-0.6692199718909481,-0.7690260371229806,0.8480504349631293,0.8800287488246279
108,0.9463864745007974,0.09880927904847411,0.579292952802136,0.5408212940691896,0.7721790049240685,0.5129247326324069
109,0.9792962215119041,0.06452518569647002,1.0414723837092295,0.6758549051167922,0.6901247562565176,-0.09501677118334596
110,0.4414138746009369,-0.3357255041075874,-0.033898877812975715,0.023929830893457935,0.7069648395669221,0.18512304624879772
111,0.6671389819873139,1.3038024751806347,0.3755270284300055,0.7894173963916273,0.5423404587695002,-0.2612507220009748
112,1.1004562952095998,0.9953240246117551,1.4385469560393476,1.1686386241686302,0.3702563248660625,-1.2857828336516357
113,0.9741009270100961,0.4878071305152466,0.6016046504238002,0.6878375693163808,0.49982376072483703,-0.9730340653754056
114,-0.7025305203079893,-1.2085528336117115,-0.8970422163445606,-0.9324397883096321,0.7739542910171531,0.5395037887299897
115,-0.7046088521936383,-0.85087549351844,-0.7079103476697608,-0.7431224747675355,0.8566761237377031,0.8959199051925467
116,-0.10614793439705791,-0.5782341679762062,-0.35066982563116383,-0.3351233833595179,0.6816925155927092,0.11165139572162226
117,-0.6351621537526855,-0.5099437573024014,-0.7164130825711368,-0.6205063312087413,0.5489875809013562,-0.27670663273504
118,0.983034432169254,1.12798568019884,1.2043136839639512,1.1059435248734957,0.4291199791140648,-0.8951091003178657
119,-0.23743743126879835,-0.7112074497651613,-0.30690312630499234,-0.4205090895202696,0.6486812952457363,-0.11113823862098282
120,-0.9203110210524313,-0.44592994417336035,-0.8719017161193322,-0.7438001648113932,0.9157453789448874,1.2115233918964283
121,-1.0548490838194406,-0.9450891869760955,-0.9238094467034563,-0.9736594247579154,0.9358636914296752,1.3584735029759158
122,0.9818426964781963,1.3891652586372665,1.1959634118952895,1.188736893625704,0.40320893267374813,-1.1738864317162756
123,-0.7544033869145537,-0.8794508292839934,-0.7830899170800729,-0.8069012737232141,0.9358636914296752,1.3584735029759158
124,-0.7875927803484755,-0.8794508292839937,-0.6618717845945714,-0.7783485840306996,0.7168790326793938,0.5079659283463096
125,-0.8129798123359828,-0.1463489324629931,-0.6634615679784301,-0.5310373876017953,0.6590261817890861,-0.028161767029309545
126,0.1759169427472599,0.2228788203760735,0.026022273196590416,0.14160601210664128,0.7289477465324841,0.2891686884559817
127,0.6142714026826919,0.16903979546192285,0.39577982625945907,0.3930303414680245,0.48184900424904337,-0.8705181785004712
128,-1.4038782828443896,-0.7250316278720084,-1.1299689072390882,-1.0829966398527904,0.9459696571745168,1.4426377907003383
129,-1.365290902464076,-1.028970728134743,-1.1329532694568858,-1.175738300018568,0.9358636914296752,1.3584735029759158
130,-1.2804586051010443,-1.1058787306592994,-1.0067844114306765,-1.1319555588238324,0.9358636914296752,1.3584735029759158
131,-0.43936152327288763,-0.31923513030045353,-0.5599510324756111,-0.43951589534965063,0.8035342783824679,0.721152111686405
132,-1.1028842842899171,-1.090143617262329,-0.9948027518919097,-1.073337849646695,0.9459696571745168,1.4426377907003383
133,-0.7380711403767476,-0.8516437246806473,-0.7107954135811242,-0.7717008172967427,0.7601518597732131,0.6745977692853323
134,-1.4071003068230759,-0.35661181556068505,-0.9760221029530086,-0.8952863575954992,0.9459696571745168,1.4426377907003383
135,-0.3929985563703743,0.5280892173337425,-0.5247438460288104,-0.1298843950218141,0.8661217555300244,0.8951514851140506
136,-1.0034296230200905,0.32503837172733724,-0.90042399374712,-0.5177510720131698,0.6762059123075038,0.13888242721584051
137,-0.5701048381724578,-0.3042863971283913,-0.5356038908821539,-0.4699983753943344,0.8170838194716308,0.6293110545315453
138,0.9776514339046006,1.336067428865383,1.2561510470868225,1.1899566366189354,0.28839809879044376,-1.7333738835817747
139,0.683391591538073,0.6231510883449396,0.6053458537804055,0.637296177887806,0.4302606797329525,-1.1118482290442038
140,-0.2712991814466868,-0.44810556631618764,-0.5903145920061796,-0.43657311325635145,0.547557202769603,-0.19150739912752363
141,-0.4426470002511743,-0.5472363401029886,-0.6237605222904479,-0.5347584062848493,0.8774787037874088,1.0622708108643066
142,-0.896484552625019,-0.7507101724202544,-0.9085045238809797,-0.8518997496420844,0.9459696571745168,1.4426377907003383
143,-0.6459194079825895,-0.9949482780723088,-0.7273669507061508,-0.7894115455870168,0.9459696571745168,1.4426377907003383
144,1.0274809637408782,1.1122207730460623,1.1786295606066914,1.1061104324645437,0.3608707161262531,-1.3993110582357875
145,1.0117017686321432,0.9108384252601563,1.0157640715371643,0.9794347551431541,0.47467503678827067,-0.8692028535789761
146,-0.5117155550692477,-0.533521015474683,-0.5823278851539907,-0.5436417008749457,0.6772199423442824,0.05143183628788305
147,0.20915905555388925,-0.36789379315097964,-0.015224787007739335,-0.05798650820160995,0.9260709165163377,1.3083929100494134
148,1.011321575468999,1.3284645196444245,1.2183826153605342,1.1854789800650833,0.49111830199081186,-1.0575514482595465
149,0.1740565056034063,0.5403046446911588,-0.024935496660621084,0.23080412345431295,0.7769882017257517,0.5995452483056701
150,-0.262735016887561,-0.3508240575657617,-0.2501231005796816,-0.2883433269417771,0.749633279621631,0.32157940376984623
151,0.9913848976821332,0.2998793952467597,0.9657178209234031,0.7485168275405396,0.6489834676025645,-0.07431436502502696
152,0.9579385684241405,1.0390275193494125,1.1709507113974835,1.04958457500106,0.25521758575156067,-1.9430282789663376
153,0.47394051099586254,0.641304771747299,0.525751784946154,0.5473784375205508,0.41019892792944174,-0.9323155691812639
154,-0.17420572790685918,-1.0861055322246418,-0.4870855263483718,-0.5641514159757871,0.9160664695798878,1.245451582737909
155,-1.3928117740163404,-1.4119274316105888,-1.0881257472535184,-1.2904775396694967,0.9459696571745168,1.4426377907003383
156,1.0470384109697697,0.9309459999984041,1.1284705917448126,1.0338245439250344,0.2705077516116534,-1.9267591749825135
157,0.9072416991075517,1.4009770118332263,0.9057370826528769,1.0983523146338048,0.5955799434766583,-0.3804466759585418
158,-1.0112793381413705,-0.5421871804955647,-0.9088915449178698,-0.8192127082611327,0.8488592078256101,0.9064732624733088
159,-0.07721315969427922,0.1343347865996092,-0.24052445762435054,-0.057930880822090004,0.9358636914296752,1.3584735029759158
160,-0.14225868195319244,0.16450609942989433,-0.12384869136159271,-0.0319315271760666,0.9358636914296752,1.3584735029759158
161,-0.6457119517639497,-0.25669772130726604,-0.6827891640025231,-0.5241337091067845,0.9459696571745168,1.4426377907003383
162,-0.5722731987109805,-1.1420031132146025,-0.40798077199005367,-0.6996585978782586,0.9459696571745168,1.4426377907003383
163,0.826592407285585,-0.7833813105890969,0.7721753765005053,0.27179549106566453,0.637861441772512,-0.45913021577896085
164,-1.4388299399019813,-0.5706747003268393,-1.1124629349063784,-1.0175481874646584,0.9459696571745168,1.4426377907003383
165,-0.07171179536972701,-0.0746170334418212,-0.24249995894396523,-0.12960959591850446,0.6591749141869577,0.46499703194917147
166,0.9774699616912869,-0.7072385129155186,1.1342394204664048,0.4681569564140577,0.6667162718858252,-0.11937209622696762
167,-0.5993395532600866,0.23302121032743683,-0.4006508281095572,-0.2556563903474023,0.9157453789448873,1.2115233918964283
168,-0.8442112438675644,0.0011924563692457535,-0.6160338990940657,-0.48635089553079475,0.9558662440129819,1.4981531885656456
169,0.9172191517845677,1.2481269339347454,0.9892387963977072,1.0526406064968874,0.7733207281163857,0.48979064913599296
170,0.5074189644647716,0.44865507831084467,0.4023122722457575,0.45279543834045793,0.8291127476045512,0.7964211255851447
171,1.0535563465477467,0.9369876675372133,1.4480216127544,1.140798666021311,0.37157777402951614,-1.2814069042682057
172,0.9643105311738028,1.0245666845607988,0.8731526833982247,0.9514442675345837,0.9457623770668349,1.4138349837152107
173,0.976573415889838,0.6439116353441706,1.1766762120063603,0.9331904755312085,0.6848488799965338,0.16824717644084972
174,-1.0297164839373238,-0.969056782832638,-0.8133325325366132,-0.9356081451542039,0.9558662440129819,1.4981531885656456
175,1.0016963498091322,1.0583306067095877,1.269638143826936,1.1098883667818848,0.39435936889108303,-1.178240723198605
176,0.007227501931435588,0.43574545758938826,0.01793001515252233,0.15363432489111534,0.9457623770668349,1.4138349837152107
177,-1.5214846642887618,-0.7619468317289424,-1.109403625757627,-1.1309450405917771,0.9558662440129819,1.4981531885656456
178,-1.0252028227206276,-0.6589441328868257,-0.9170307146027731,-0.8670592234034088,0.945762377066835,1.4138349837152107
179,-0.8766694515374326,-0.46866755625205964,-1.0276131799614947,-0.7909833959169962,0.9160664695798878,1.245451582737909
180,0.9210295484546231,0.812565097829776,1.1008148763713408,0.9448031742185803,0.7119391939903391,0.36665955470831557
181,-1.0758873071892383,-1.0773106190908177,-0.9213114018289829,-1.0239248201229019,0.9357589378288069,1.3505810285996578
182,1.0063887136639624,1.1832266797437867,1.1485376976626267,1.1120780541549018,0.31751975100026003,-1.6967021241098652
183,0.7379052731709379,0.9378294392822092,0.3908423760615567,0.6888590295049013,0.8193601729582021,0.6796308184542238
184,-0.7549178275057253,-0.6626472491620155,-0.613617949591054,-0.6773183973170548,0.6976125839761144,0.19112090561701417
185,-1.0277858215167355,-0.22668129361236025,-0.7717766373634519,-0.6681419763755586,0.5488089875120867,-0.5904082786550979
186,1.0929058606445994,1.3958153901024672,1.3199610428115114,1.2690810297254296,0.33959854800409495,-1.4955066646497328
187,0.004828346462595831,-0.03010971817685081,-0.2541340458710893,-0.09313847252844809,0.7797589167418401,0.45724546511650027
188,-0.3363975605175186,-0.52131929503073,-0.34086194186512364,-0.39735139028255967,0.9155312559597037,1.182720584911301
189,0.8556228914331824,0.7284549988670543,0.7728555952926155,0.7856444951976176,0.4717749056611709,-0.9174250407843765
190,0.665619371709846,0.5024773937025471,0.8644574727940105,0.6724620579608732,0.5110726229786129,-0.8995374663736264
191,-0.5047571881943287,-0.6593164251549158,-0.5122653495666531,-0.5587796543052994,0.945762377066835,1.4138349837152107
192,-0.3416980355739339,-0.13363594483610883,-0.29079744783548195,-0.2547446373005266,0.7230063706081751,0.20757089612784252
193,0.9391696312197363,1.2544098195206725,1.2433984107235343,1.1440229151778225,0.48347382201608974,-0.6170463619638716
194,0.7485503327311808,-1.0150286880331476,0.5556853211024002,0.08820083980546127,0.8058489073786598,0.5091283897434741
195,0.7783019355780167,-0.4995264456326445,0.4941176203658117,0.2444928932373158,0.4187138545954661,-1.1728274527949785
196,1.0917217504571708,-0.2864349573711613,1.455590415072815,0.7006472697118187,0.36059896637066696,-1.2634570579309026
197,-0.4433248025404777,0.16218066159596436,-0.7135749283006084,-0.33157302308170716,0.9558662440129819,1.4981531885656456
198,0.5626875243990637,-0.1891395016180233,0.4444623815361644,0.27267013477240154,0.5414359400417607,-0.42577274007479693
199,1.0865329677661189,1.7845076272089107,1.3169431207275772,1.3730213056414557,0.3662633723908282,-1.3475313086898844
200,0.9991168856081617,1.4991157314917838,1.1167765621655101,1.205003059755152,0.3978242586501139,-1.3595481986980458
201,-0.10166354508900279,0.051987740070360736,-0.3822816629697494,-0.1397305398001731,0.9258591815160915,1.2953750518168021
202,0.22031463508085758,-0.5868759343073047,-0.07788310194992464,-0.14940286643573455,0.7527652190115027,0.5079957046683584
203,0.790931542195256,0.44589303760402904,0.8180901449679354,0.6849715749224068,0.5482728582963028,-0.5769525476611641
204,0.7281184953881674,0.7505590458607377,0.6549314581431882,0.7112029997973643,0.8551872375414629,0.7536288506887452
205,-0.963070428494072,-0.6491093076016413,-0.9536411110122023,-0.8516966158731997,0.9459696571745168,1.4426377907003383
206,0.7135357667209216,0.9764249020014404,0.8071949163839653,0.8323851950354426,0.3020130642721922,-1.7777531890295004
207,0.9120004600491233,1.0302528937233049,0.9702128682862069,0.970822074019545,0.403451983013821,-1.2175401568288808
208,-0.7733256728727569,-1.2725792370668974,-0.9141925603322446,-0.9866991567572997,0.9361778819038733,1.3924016938173964
209,-1.1265424733250373,-0.3819127192497342,-0.9966866807409044,-0.8203979825933979,0.7408198747699941,0.5477133550681504
210,0.8146938282204644,0.7254616029909389,0.6872170918468646,0.7315689629270107,0.36813213989581534,-1.3216731231065708
211,0.8161631490437675,0.4129832840359352,0.7348408774519428,0.6440080863305283,0.4567837099875919,-0.9473875552436192
212,-0.3668381134268549,-0.969161705525471,-0.8096147850004253,-0.7059700738918426,0.7300228015985786,0.5738118041447543
213,0.6959865090387927,0.6683100895630677,0.5687951700641308,0.6457133649033875,0.5520148281993037,-0.5591696260645449
214,-0.038946415732816375,-0.7774451670997908,-0.4061616428065563,-0.4075419579345991,0.8677048601573872,1.0131584921603962
215,-0.31247834007039144,-0.5289783316039908,-0.7938055620389708,-0.5450874112377844,0.7075192726869066,0.3728392273079129
216,0.2673888378112724,1.1045670544113648,0.13065355711873738,0.5104349398437461,0.6122985935713411,0.06999740670727093
217,0.6219901487430747,1.130065558080723,0.5515733854730833,0.7678763640989603,0.5326744175334485,-0.6045110172399147
218,-0.8134762074079923,-0.7975647265419262,-0.9172887286273668,-0.842776554192428,0.8564472327951638,0.8671170982074192
219,-0.5801155138224757,-0.2597374388236131,-0.6654201289832988,-0.5060794841452632,0.671404856933235,0.24159986076199108
220,-0.7780088981258755,-0.7823223446900824,-1.0156976231893602,-0.8586762886684393,0.9361778819038733,1.3924016938173964
221,0.9353712094008537,-0.2561253669187332,0.7890283834705429,0.4814614122089242,0.5799016324712404,-0.05431122818855186
222,0.799334366090872,0.6211287771638062,0.9394857435391657,0.7894284673786977,0.3651912117173371,-1.2563327925648118
223,-0.17391404057815504,0.20044335908501898,-0.2756078494633918,-0.08808813298676868,0.7902486582515936,0.555535054600081
224,-0.46740218343671214,-0.2675045289608378,-0.7068548357509691,-0.4805871827161731,0.9264942413511997,1.3461323015088682
225,1.0114005900831964,0.6058963507830524,1.3498867143691466,0.9759402912860766,0.48062678622451566,-1.0556782645955234
226,0.3488932097350006,0.2310193725942345,0.14269152395367674,0.24086803542763727,0.7175624318097696,0.19550473944373517
227,-1.2110188698362794,-0.8702317812275122,-1.010502158966864,-1.0273622235847533,0.9264942413511997,1.3461323015088682
228,-0.07921366727608811,0.4299841358331114,-0.30278141741716835,0.01599635037995167,0.3893560422473827,-1.3968968993990596
229,-0.9039856996409199,-0.36396716220956327,-0.797558493305785,-0.6885037850520892,0.7875148501781116,0.7185589481787876
230,-0.7352900757923331,1.7459157375001744,-0.701565548246803,0.1179898612777154,0.7208337288042946,0.531855721313344
231,-0.6728137513729433,1.5917053799611178,-0.918355968456367,0.00017855337726920654,0.9264942413511997,1.3461323015088682
232,-1.1810074667739718,1.5360147475896035,-1.1005725093704044,-0.24852174285159126,0.7875148501781116,0.7185589481787876
233,-0.8508541596106561,-0.05632767778772893,-0.8087417072404374,-0.5677465293017356,0.696487504297658,0.4720491474788919
234,-1.087075797801965,-0.13974322945580112,-0.9132738740325558,-0.7029348264123927,0.9264942413511997,1.3461323015088682
235,-0.56915467314689,-0.1777579271959092,-0.8193509051254262,-0.5167795660494796,0.8364111544288575,0.746469406462465
236,-1.0185995141970272,-0.7877104643663797,-0.9201268828978949,-0.9088122871537672,0.9063842715974474,1.1994980921206102
237,1.0718530897912437,-0.7214998537588724,1.1640739209364437,0.5151189439132711,0.4249881065359247,-1.0091602749307662
238,0.8701561488860031,-0.7426420639737781,0.814970520852396,0.3141615352548738,0.4680197600889751,-0.6678930911639113
239,-1.1040478786401238,-1.4035570317637047,-1.0657523439604946,-1.1833940685344493,0.906816786698813,1.21936431463141
240,-0.4407147786305117,-0.7681456213686515,-0.55898934383849,-0.5892832479458844,0.7001374030143627,0.26978999725256064
241,-0.7546995080042236,-1.2213292576428252,-0.9667570538880611,-0.9809286065117033,0.8472408900495672,0.8420192842248645
242,-1.196611704908068,-0.49118340168274566,-0.9468196065331106,-0.8782049043746414,0.5267524469600443,-0.37207995085293116
243,-0.5777430864777293,-0.4275821227666099,-0.7381214443676152,-0.5812097023598106,0.8083994711347161,0.6467315461603103
244,-0.6459937764742646,0.18263315015694936,-0.6992668778458794,-0.37814427320276667,0.590289398816763,-0.11664088955307367
245,-0.7451381536951743,-1.0437198127372214,-0.8062371468602926,-0.8650317044308959,0.7629837170831794,0.5035065566372573
246,0.09930447398655899,0.7602469962322074,0.08657347360459573,0.29065986933235655,0.482255721910645,-0.5946658212731616
247,-0.6316196425005137,-0.4789530734752198,-0.5859733105772243,-0.5667172385537046,0.4978586141529594,-0.5669928474020033
248,-1.2437797169830984,-0.27508534009165825,-1.1108872063990394,-0.8656477469567272,0.5317534570129203,-0.513809345040719
249,0.13665756925655478,-0.0810592597945427,-0.17866494367749763,-0.04102221140516183,0.8471251776225881,0.8136539630091248
250,1.0538323199332296,-0.8504612587101763,1.1120971259922012,0.4384893957384181,0.42774712297754514,-1.057892468495604
251,0.8349491365247224,0.6657931444940726,0.6171324035402439,0.7059582281863462,0.45892477576269763,-1.114410407370242
252,0.979618497846879,1.116933185770958,0.9216945037524248,1.0060820624567537,0.41871385459546606,-1.1203562311359516
253,0.7326179179005707,0.0468632004801553,0.19153110291706663,0.32603037681680347,0.3675991757397034,-1.4229093082334392
254,0.9173740242658343,0.15213322292177392,1.025298862536914,0.6982687032415074,0.46885683600995665,-0.7502042448581392
255,-0.8191913996834566,-0.7111451414357735,-0.8323082912544425,-0.7869832217038633,0.4539852288142979,-1.08710358317701
256,-0.7433720302569851,-0.7575564689783054,-0.7870268299382875,-0.7629960575721605,0.6290404151855976,-0.11861938028306372
257,-0.7897500627691013,-0.8308366851834134,-0.7774685831181202,-0.7993517770235445,0.6194612434479694,-0.04882356674245895
258,-0.6104824206544306,-0.5366184080191295,-0.6898939320070109,-0.5972367439904105,0.49825226352327595,-0.5385125575839109
259,-0.6971700812705847,-0.7231562436526455,-0.7337000222188995,-0.7180087823807099,0.6486812952457364,0.016566044216164755
260,-0.745606439925687,-0.9171513834530111,-0.7283990068045246,-0.7961168978767944,0.8788182895906342,1.105376970734494
261,0.21063526142904412,-0.06649032483865738,-0.12508598588862058,0.013655148537026304,0.4518207563655709,-0.6633020676728208
262,0.5421823059285248,0.7699470545112576,0.0669813480502376,0.4667164663082169,0.8006009714573673,0.6722240832710827
263,-0.07260935990279466,0.18138500886384898,-0.4900959343000916,-0.10694069663965619,0.43838611300997227,-0.8158332773415443
264,-0.2772064231380056,-0.5598554172223614,-0.5237665201780776,-0.4523566487509351,0.5385312709683653,-0.41286538149598484
265,1.09530447324798,1.1640264621258523,1.2070814707732267,1.1554708020490196,0.28463452369178155,-1.7404619425269618
266,0.9610408566704411,0.12154541612911068,0.6879689812013617,0.5901850846669711,0.8293491825884506,0.7409037318110286
267,0.8660078693458597,-0.42950068858814244,0.7671558309311414,0.4012210038962861,0.4578554944078266,-0.7159612761172961
268,0.39959466601765103,-0.23806572153539998,0.02728888749914024,0.06293927732713042,0.5158456224543095,-0.6899606199590439
269,1.0174273916694778,-0.04998016492043631,1.068187830170475,0.6785450189731721,0.3921157723724472,-1.307923381838241
270,0.87748652908258,0.4435725175790612,0.7278673317316803,0.6795020475069737,0.4604175977067036,-1.002855628412851
271,0.36198760400361035,0.3782518217036891,0.022915109985647948,0.2672442749668344,0.7175624318097696,0.300326475628391
272,-0.6584925954520264,-0.821428644384476,-0.8223864792178026,-0.7674359063514351,0.8495518288895684,0.9057943921495419
273,0.9269459792066111,1.3448788013188806,0.9464542545505004,1.088141433931687,0.35429119763313566,-1.2748947451702404
274,0.8809226188686342,0.8574552306151099,0.7903265729159625,0.8489193871496705,0.46020463390553834,-0.8384214140449752
275,-0.7665718033715139,-1.1014773250871284,-0.6556625076895818,-0.8425705229186559,0.7818931991048339,0.504870384514359
276,0.6166613995307768,-0.26550607889842026,0.512962345557448,0.27986019939075246,0.8519715684088992,1.0082578349977496
277,0.7184005984246354,1.0045649546780506,0.5205999746116574,0.7478551759047809,0.38377705118617395,-1.209533207126709
278,-0.9540791883746153,-0.9320747625111735,-0.8828555842543462,-0.9230031783800451,0.7089034583934707,0.29903017692934086
279,-0.6208974476937191,-1.0953051819077524,-0.6821944899672303,-0.8037301143976522,0.8134766079893797,0.7820679955310156
280,0.9507080142874232,0.6669001133090184,1.0621661998288263,0.89024189323663,0.4403940473813477,-0.9516009845489
281,0.8303158377694437,0.6980038696804245,0.9393743283921823,0.8249148825561602,0.4682291693643436,-0.8301223162254261
282,-0.33780347930422333,0.46345407505571895,-0.3768079866550784,-0.08371913030119424,0.515465408912675,-0.3580212772366399
283,-0.10627639760141888,0.31608965842097486,-0.15231232943833667,0.019166977127073114,0.47550039683418943,-0.5032383508256616
284,0.8246991009476744,0.4202577263518099,0.9749405192014853,0.7357698047199454,0.49291147221308484,-0.7437189920365942
285,0.5740700177215222,0.050248010526818813,0.48612513100233934,0.36807669454929615,0.5712152690876348,-0.287562837491973
286,-1.0410946100918437,-1.3348694736043143,-0.9538166080737908,-1.112714580992058,0.6898406053418101,0.5677699401588138
