mean_Stiffler_z,mean_Deng_z,mean_Firnberg_z,mean_all_z,Pei&Grishin,Conserved_Shannon
0.7868983327185225,0.08930374325166517,0.9696077634610757,0.6085843272887108,-0.988959551970508,1.083763691412806
0.932237165884137,0.18049708174138293,0.4951158908669417,0.5359500461641538,-0.8634450688001938,0.820710847433878
0.9986619933971626,0.6701280293970061,0.9092772254411521,0.849995472656265,-1.1089699601579253,1.1583656957357145
-0.5101567691684447,-0.25561404574443986,-0.5147338303949984,-0.42683488176929435,-1.0175181876753372,1.0552951333449019
0.37742127865741876,0.13261241964424691,0.09138444338136754,0.20870579091419184,-0.7502362596918223,0.6545498612037175
0.9992876115260719,1.142234250400216,1.034372544791012,1.0599791869121418,-1.3481993007229391,1.3323460408601544
0.16646097567344,-0.1731574633777328,0.26628526520025814,0.08652959249865513,-1.3156197673761914,1.2530009211115916
-0.8981057737509324,-0.33834317535835995,-0.6204980573186073,-0.6189823354759663,-0.7090418374106088,0.5305319946816215
0.7092530825712688,0.16089673092229495,0.6454206724200086,0.5026860457131762,-1.1246210851571548,1.237439480165116
0.8832266941213418,1.5581577228148735,1.228840954547905,1.2232109118018633,-1.6898689175071617,1.7733756943549484
-0.1751080512589602,-0.36551394580906466,-0.20355609557890927,-0.24967766489334414,-1.1279909634366323,1.1402855819963948
-1.1312627966553872,-1.029859380005089,-0.9019404500124161,-1.021020875557631,0.9409584025223873,-0.9267047247584095
0.9858659209417835,-0.8418517501569456,1.2466985695963364,0.44958649102939224,-1.8025640475215847,1.7240357116359093
0.9820625608739268,-0.6968375568376003,1.2322095679232423,0.505811523986523,-1.2318943669862936,1.180306024990789
0.006631779638007204,-0.3292037323959343,-0.13502638579172402,-0.1525327795165504,0.5604499638731808,-0.4047739636879655
0.7117978811026806,-0.22879255001027787,0.8103343023179796,0.4173233532756601,-0.6413089775387643,0.9187109790317433
-0.3914932304662125,-0.22153667268170465,-0.411590788468496,-0.3415402305388044,-0.19044731193846517,-0.07520402155281841
0.4189108883948302,0.37030811280178666,0.40122339868359114,0.3968141332934028,1.0799993386806959,-1.1053769707344936
-0.4582937607522057,0.26510352099853923,-0.396745242946767,-0.19664516090014447,-0.37165629220403235,0.21221544927155736
-1.374030069467273,-0.33516365505961965,-1.019757867027821,-0.9035334562677051,1.1281387645457535,-1.188583237644418
-1.0110852457039723,-1.0142369793766106,-0.7330326993020071,-0.9194516414608632,-1.0747418128199202,0.9972317380305955
-0.1582479250904749,0.43600278719887564,-0.08611718950042188,0.06387922420265967,-1.1585814992326404,1.2261053799800465
0.32924247061211154,0.8165327854111994,0.2089181925435727,0.4650448323174089,-1.246185357099868,1.1697701141471093
-0.33055356250232054,-0.07544287382923491,-0.3022787543477571,-0.23490981908141392,-0.7835249987286111,1.0838285492791468
-0.6427770604886353,-0.2733251332327188,-0.5679215528699183,-0.49467458219709076,0.2337560405891015,-0.03803563069041122
0.03913220568701444,0.25357952655318006,-0.04830329821306531,0.08378684901300928,-0.9298963669976796,1.0863745317892715
1.0165644385534478,1.035139610553405,1.1725283069303283,1.072997972460288,-1.7120006554731806,1.808718124051783
0.18703401761038546,0.9438704971781275,0.24853408321536882,0.4757584345134392,-0.3264498293904927,0.4372953082544385
-0.49053528367196586,-0.17068186178072747,-0.6062049588590487,-0.42247403477058076,0.32322082479476616,-0.09497361365081655
0.8470881774991238,0.807799428369914,0.9373909038092215,0.8640928365594197,-1.4822899406320293,1.5076318319104833
0.37465999309822745,0.5325151420119764,0.5240285931419516,0.47622932577944643,-1.8600435082779307,2.020819975673489
0.1509635307238457,0.5654089738720076,0.08179145482095548,0.2660546531389363,-1.1358763644092698,1.1294160381226628
0.2398970878769558,-0.09432772548866511,0.2083018320579863,0.1179570648154256,-1.3007807393386646,1.3963768978286892
0.6732898405774541,1.0037275762216773,0.6874497478519398,0.7881557215503571,-0.9115742272106144,0.6517169868807696
0.30814579129908237,0.3842789050268378,0.33331002345362587,0.3425607468301298,-0.651259386704746,0.5481368207204473
-0.7541202492711941,-0.22366162450556187,-0.7547662018116486,-0.5775160251961347,0.7889784110928882,-0.6538651751293092
0.8165013988268066,0.838521941428429,1.1249714958231338,0.9231237569583194,-1.2071431514509008,1.1269217193261065
0.8982818026391574,1.1234746357258492,1.0081393903454743,1.0099652762368272,-0.6170535115080336,0.6688271184113811
0.004532670088196104,-0.5660166081964938,-0.0333665760707032,-0.20744555631831313,0.9271775690339286,-0.8200648415179247
-0.056406558142333744,-0.4654172532775843,-0.23520737112956785,-0.2523437275164953,1.1653218223451791,-1.1358318995876615
-1.3430630335982974,-0.9460487494166089,-1.01345455149048,-1.1040336591385702,1.2135428443078256,-1.2193643146314088
-1.143156012923042,0.0846135220487682,-1.0006991780199914,-0.6864138896314218,1.0720110913768777,-1.052896740620591
-0.6636571982928363,0.6686325571203059,-0.46610673473118763,-0.15371045863457258,-0.11433262025078399,-0.1306499098689303
-0.09251664182749299,0.10525732612953281,0.04560029515238555,0.01944699315147511,-1.2200676822153156,1.1981176585603608
-1.38793900815505,-0.1085532340264022,-1.1350025850914691,-0.877164942424307,1.2617421165755196,-1.3030571967081628
-1.1655567445796,-0.43841310591413374,-0.9988067529772374,-0.8675922011569903,1.2617421165755196,-1.3030571967081628
-0.2821579596935797,-1.3947014949120797,-0.4085817151085889,-0.6951470565714164,0.7412320039469615,-0.6243396176839836
-1.62934150126786,-0.5224511205497927,-1.1350626620769533,-1.087226037728255,1.2617421165755196,-1.3030571967081628
-0.5226837769563328,0.11423745551613293,-0.6087754538996529,-0.3240905068473748,-0.5034236166037785,0.34881674037207394
-0.08074693313694904,0.35934309437467943,-0.16883144431943012,0.036588238972766765,0.37285541860404664,-0.2115384745889378
-0.9755323883781636,-0.03800506575207745,-0.7809486663006837,-0.5880072275793615,0.042995512381380344,-0.19777826303116158
-0.7763147796202705,-0.04523424837271745,-0.5588590702117608,-0.46013603273491616,0.9754800244892524,-0.8869833207182185
-0.7634525241173701,0.12947593620487546,-0.692175125087019,-0.44205057099983786,0.26824279886126373,-0.43044484127816723
0.6665611505480615,0.6871368868495565,0.5626274033048744,0.640134928036473,0.5446255922995189,-0.2744566573187057
-0.8161287785030223,0.027273837362759047,-0.7922503226895534,-0.5270350879432721,-0.06635387929760496,0.041776491547261665
-0.9874301899207731,-0.5222842183157089,-0.9391659786484542,-0.8162934622949788,1.2617421165755196,-1.3030571967081628
0.9151767194819561,1.3439269277844172,0.8782908223497964,1.045798156538723,-0.8085652264196962,0.7825218313165271
0.2195268428218391,0.42333538562777884,0.04166264056031967,0.22817495633664592,0.19351651982349247,-0.053006291505488655
-0.03941888000158795,-0.7392101811559896,-0.20333000022305225,-0.32731968712687637,0.7562521068606348,-0.7388719753007268
-0.6731511115540464,-1.3307775257071057,-0.8171221946800354,-0.9403502773137293,1.2135428443078256,-1.2193643146314088
0.9303351587582426,0.15731536670034835,0.9112822295306179,0.6619364306297202,-0.427573251940121,0.780780159187272
0.4930217638780898,-0.317072597042306,0.16469377672495786,0.11354764785358049,0.9705662377348334,-0.8043861003808108
1.0140049820604802,0.7613370641712764,1.0192941193241922,0.9315453885186495,-1.0583846349601358,1.1002638450035713
0.03992753470436687,-0.6410804933792621,-0.25386127512242934,-0.2850047445991082,0.1874382600589887,0.027597875269774332
0.9984826808180957,0.8137526304875186,0.9839375073452841,0.9320576062169664,-0.9753452545561556,1.2058181491330517
-0.26750855390151884,0.13584215811301878,-0.4706320989638602,-0.20076616491745344,1.0199809064441998,-0.9160618177229196
0.9719743093755887,0.9859855399656311,0.9786011038085739,0.978853651049931,-1.0649118193576799,0.9597410714122755
-0.19921070733960342,-1.226379678580369,-0.47837811202705854,-0.6346561659823435,0.3271141928206498,-0.1394891233933744
0.6898796576526873,0.43630826929185507,0.5493379823093297,0.5585086364179573,-0.5992374665949616,0.9143525170471296
-0.5427761512503235,-0.9766356843062115,-0.6712056451101663,-0.7302058268889006,0.0366266627157496,-0.18436580000412883
0.9615167208400133,-0.932697742417334,1.136800784867126,0.38853992109660157,-1.5507967822322208,1.636637593720925
-0.46984405515554756,-1.0028935205586458,-0.5985294709527231,-0.6904223488889724,0.0031555492669562966,-0.22307866053790687
0.9664703272183741,1.3164008292664746,0.938554568897623,1.0738085751274908,-1.3268299984598115,1.5085034243824837
0.9862307788324169,0.3802858268011892,1.3614939346639374,0.9093368467658477,-1.0758369641882106,1.0203087541816962
0.971552307995159,1.1686431429963293,1.3270476196172578,1.152688762891945,-1.5550890241865072,1.5467667189702359
0.3695588418025052,-0.2525668203654189,0.22206599184099873,0.11301933775936168,0.31932303871865747,-0.12293013768309682
-0.3929296925993159,-0.20673238183104928,-0.6782393540889493,-0.40692773067002236,1.2104480456032705,-1.1905615076462814
0.352657176759703,0.7095385646731657,0.28103599356663606,0.46032564133441606,1.06560949483602,-0.9404526031999864
0.9289686109846039,-0.05701841110958371,0.9093537956114712,0.5634232103112689,-1.0475518612224461,0.9622965202345448
-0.2259289795447475,-0.4614518519431585,-0.4671646120842798,-0.3848484811907287,1.0226788809566814,-0.956838372842589
-0.7949257279136784,-0.7066962646848785,-0.8721043905909417,-0.78979815875017,1.4002889956633209,-1.4426377907003367
-0.438891250220917,-1.0801805242003708,-0.64834374009056,-0.7224718381706156,1.4002889956633209,-1.4426377907003367
0.36370291696254003,-0.032152738683071995,0.21039407837854662,0.1806480855526716,0.7377575034720353,-0.5551977413485751
-0.671850460665308,-0.9660076788126846,-0.6701595219498863,-0.7693392204759599,0.9332469200881063,-0.8800287488246267
0.9463864745007974,0.09880927904847411,0.5811513581660903,0.5414186386504605,0.571365469622687,-0.5129247326324065
0.9792962215119041,0.06452518569647002,1.1397455558781198,0.7128778397615847,0.17999403363714828,0.09501677118334621
0.4803567499725895,-0.4228736911579811,-0.033414653984358375,0.008762756174269847,0.26031562202938335,-0.1851230462487986
0.6671389819873139,1.3038024751806347,0.37692878816232755,0.7898679620198737,-0.5248878422294548,0.261250722000976
1.1004562952095998,0.9953240246117551,1.4993340477504444,1.1929971238591743,-1.3456718441521949,1.2857828336516353
0.9741009270100961,0.4878071305152466,0.6035130569804693,0.6884737048352706,-0.7276783306844876,0.9730340653754053
-0.7025305203079893,-1.2384654611898192,-0.8984923229798205,-0.94824169343846,0.5798329929845871,-0.5395037887299895
-0.7046088521936383,-1.1716350910120052,-0.7089366040371263,-0.8617268490809236,0.9743885825478626,-0.8959199051925462
-0.10614793439705791,-0.713608160747901,-0.3508954951274239,-0.3939981296065031,0.1397750542331552,-0.11165139572162117
-0.6351621537526855,-0.5099437573024014,-0.7174583938259256,-0.6208547682936707,-0.49318328364582925,0.27670663273504026
1.0035353933426854,1.8579269173972652,1.207572779789003,1.3563450301763178,-1.0649118193576799,0.8951091003178661
-0.23743743126879835,-0.7112074497651613,-0.3070307132974194,-0.42055009962497814,-0.017677471633905775,0.1111382386209828
-0.9203110210524313,-0.44592994417336035,-0.873295482129238,-0.744248161028863,1.2561292554372874,-1.2115233918964274
-1.0936096022650705,-0.9928801102276177,-0.9253195395157566,-1.003936417336149,1.3520869050975532,-1.3584735029759145
0.9818426964781963,1.3891652586372665,1.2688206134794902,1.2122843248182968,-1.188498880575206,1.1738864317162743
-0.7544033869145537,-0.8794508292839934,-0.7842846531481783,-0.8072552695952452,1.3520869050975532,-1.3584735029759145
-0.7875927803484755,-0.8794508292839937,-0.6627948671423706,-0.7786452891353497,0.30760302101327536,-0.5079659283463088
-0.9207901801827976,-0.1463489324629931,-0.6643882132791269,-0.577175775308306,0.03166419156237673,0.02816176702931036
0.1759169427472599,0.2228788203760735,0.02664078214640855,0.14181218175658067,0.365166766314503,-0.2891686884559814
0.6142714026826919,0.16903979546192285,0.3972269731274645,0.3935127237573597,-0.8134119321451966,0.8705181785004705
-1.4038782828443896,-0.7250316278720084,-1.1319410096703342,-1.0835547820503129,1.4002889956633209,-1.4426377907003367
-1.365290902464076,-1.028970728134743,-1.1349320599345962,-1.176397896844472,1.3520869050975532,-1.3584735029759145
-1.2804586051010443,-1.2010318713314216,-1.008480453661626,-1.1633236433646972,1.3520869050975532,-1.3584735029759145
-0.43936152327288763,-0.31923513030045353,-0.5606457075192057,-0.4397474536975155,0.7209196803845475,-0.7211521116864038
-1.1028842842899171,-1.1317208163272967,-0.9964719428595536,-1.0901773119016764,1.4002889956633209,-1.4426377907003367
-0.7952656467844263,-0.8516437246806473,-0.7118281354689119,-0.7918622658466054,0.5139999931856544,-0.6745977692853317
-1.4599701248702337,-0.35661181556068505,-0.9776492059153906,-0.9314103821154367,1.4002889956633209,-1.4426377907003367
-0.3929985563703743,0.5280892173337425,-0.5253596206971702,-0.13008965324460073,1.0194411001003552,-0.8951514851140504
-1.0494224321528491,0.32503837172733724,-0.9018816790483556,-0.5420885798246224,0.11360578400908992,-0.13888242721583988
-0.5701048381724578,-0.3042863971283913,-0.536244003241209,-0.47021174618068623,0.7855464783763959,-0.6293110545315449
0.9776514339046006,1.336067428865383,1.2595263120186486,1.1910817249295442,-1.7361083176642982,1.7333738835817742
0.683391591538073,0.6231510883449396,0.6072626444875411,0.637935108123518,-1.0594710573436075,1.1118482290442036
-0.2712991814466868,-0.44810556631618764,-0.5910773127098284,-0.436827353490901,-0.5000057109121455,0.19150739912752437
-0.4426470002511743,-0.5472363401029886,-0.6245981963407233,-0.5350173237185708,1.0736099605808698,-1.0622708108643069
-0.896484552625019,-0.7507101724202544,-0.9099803178959179,-0.8523916809803972,1.4002889956633209,-1.4426377907003367
-0.6459194079825895,-0.9949482780723088,-0.7284368099124616,-0.7897681653224538,1.4002889956633209,-1.4426377907003367
1.0274809637408782,1.1122207730460623,1.181831097530423,1.1071776114391207,-1.3904380717363403,1.3993110582357862
1.0117017686321432,0.9108384252601563,1.0186006219482764,0.9803802719468582,-0.8476293674691332,0.8692028535789762
-0.6533040819211212,-0.533521015474683,-0.5830727074047629,-0.5899659349335225,0.11844236953721315,-0.05143183628788224
0.20915905555388925,-0.36789379315097964,-0.014698713973877342,-0.05781115052365595,1.3053786304822534,-1.3083929100494123
1.011321575468999,1.3284645196444245,1.2976804218868456,1.2124888390000894,-0.7692004692815062,1.057551448259546
0.22715197275285703,0.5403046446911588,-0.024431185622326795,0.247675143940563,0.5943037365470188,-0.5995452483056694
-0.18734200713241944,-0.3508240575657617,-0.25012344180816976,-0.2627631688354502,0.4638298693309751,-0.32157940376984573
0.9913848976821332,0.2998793952467597,0.9684422161653286,0.7493925260111585,-0.016236210137670962,0.07431436502502707
0.9579385684241405,1.0390275193494125,1.2275929358404989,1.0692988286724723,-1.8943683132847315,1.9430282789663365
0.47394051099586254,0.641304771747299,0.527490202925126,0.5479372147280775,-1.1551589313930892,0.9323155691812649
-0.17420572790685918,-1.1555131554087084,-0.48761690757739834,-0.6057785969643219,1.2576607508192115,-1.2454515827379076
-1.4475549335840585,-1.5670440594681485,-1.0900040778910753,-1.3783172762207316,1.4002889956633209,-1.4426377907003367
1.0470384109697697,0.9309459999984041,1.1864034785343442,1.0547959631675063,-1.821439314892866,1.9267591749825121
0.9072416991075517,1.4009770118332263,1.0547839454883046,1.1302712570746887,-0.2709532328786226,0.3804466759585421
-1.0112793381413705,-0.5421871804955647,-0.9103682062587186,-0.8196873494064052,0.9371044972607119,-0.9064732624733074
-0.07721315969427922,0.1343347865996092,-0.24050328800214738,-0.057924076300667544,1.3520869050975532,-1.3584735029759145
-0.23245658176097414,0.16450609942989433,-0.12356604779989042,-0.0638388433769901,1.3520869050975532,-1.3584735029759145
-0.7741361682348052,-0.25669772130726604,-0.6837591230335289,-0.5715310041918665,1.4002889956633209,-1.4426377907003367
-0.5722731987109805,-1.178913655051439,-0.4083348770595341,-0.719840576940651,1.4002889956633209,-1.4426377907003367
0.826592407285585,-0.7833813105890969,0.77446603724019,0.27255904464555936,-0.06928456888642728,0.4591302157789607
-1.4808234817197725,-0.5706747003268393,-1.114395805921391,-1.049615514265098,1.4002889956633209,-1.4426377907003367
-0.07171179536972701,-0.0746170334418212,-0.24248321648028068,-0.12960401509727623,0.03237359556129,-0.46499703194917125
0.9774699616912869,-0.7072385129155186,1.1373414777364843,0.4691909755040842,0.0683433599527045,0.1193720962269686
-0.5993395532600866,0.23302121032743683,-0.40098850655194834,-0.2557689498281993,1.2561292554372867,-1.2115233918964274
-0.8442112438675644,0.0011924563692457535,-0.616854257546845,-0.4866243483483878,1.4474924185843987,-1.4981531885656443
0.9172191517845677,1.2481269339347454,0.992015902860781,1.0535332478600183,0.5768111089714254,-0.4897906491359927
0.5074189644647716,0.44865507831084467,0.403774058523825,0.453282700433147,0.8429204590440131,-0.7964211255851447
1.0535563465477467,0.9369876675372133,1.4974781913075506,1.1626740684641699,-1.339368971783232,1.2814069042682061
0.9643105311738028,1.2046323892491997,0.8756696373526898,1.014870852591897,1.3993003385893479,-1.413834983715209
0.976573415889838,0.7642738783635211,1.2262384379746767,0.9890285774093451,0.1548298611356403,-0.1682471764408482
-1.0297164839373238,-1.1203671910507207,-0.8145950432254259,-0.98822623940449,1.4474924185843987,-1.4981531885656443
1.0016963498091322,1.0583306067095877,1.273043633752606,1.1110235300904419,-1.2307083522565536,1.1782407231986052
0.007227501931435588,0.43574545758938826,0.018530389106034047,0.15383444954228595,1.3993003385893479,-1.413834983715209
-1.5214846642887618,-0.7619468317289424,-1.111329640767825,-1.1315870455951764,1.4474924185843987,-1.4981531885656443
-1.0252028227206276,-0.6589441328868257,-0.9185256160703414,-0.8675575238925983,1.3993003385893485,-1.413834983715209
-0.8766694515374326,-0.46866755625205964,-1.0293559000959815,-0.7915643026284916,1.2576607508192115,-1.2454515827379076
0.9210295484546231,0.812565097829776,1.1038420282218937,0.9458122248354313,0.284041635799632,-0.3666595547083148
-1.124365958868306,-1.0773106190908177,-0.9228158964467713,-1.041497491468632,1.3515872653121404,-1.3505810285996562
1.0063887136639624,1.1832266797437867,1.2313632660407683,1.1403262198161723,-1.5972077362964205,1.696702124109865
0.7379052731709379,0.9378294392822092,0.3922784579535549,0.6893377234689009,0.7964039263125734,-0.6796308184542225
-0.7549178275057253,-0.7237744332613582,-0.6144328938275446,-0.6977083848648759,0.2157084778569003,-0.1911209056170131
-1.0277858215167355,-0.22668129361236025,-0.7729460200277536,-0.6684729337333797,-0.4940351146277827,0.5904082786550979
1.0985846305083853,1.3958153901024672,1.5434370852030066,1.3459457019379526,-1.4918992284672428,1.4955066646497324
0.004828346462595831,-0.03010971817685081,-0.2541433757499205,-0.09314158248805857,0.6075191243198891,-0.4572454651164994
-0.3363975605175186,-0.5883208465452633,-0.341065631595674,-0.4219280128861519,1.2551079601168176,-1.1827205849112998
0.8556228914331824,0.7284549988670543,0.775147780423294,0.7864085569078437,-0.8614620269863514,0.9174250407843766
1.0551974046713302,0.5024773937025471,0.9561218630660735,0.8358216911480891,-0.6740250044405196,0.8995374663736263
-0.5047571881943287,-0.6593164251549158,-0.5128531595450564,-0.5589755909647672,1.3993003385893485,-1.413834983715209
-0.3416980355739339,-0.13363594483610883,-0.29088894151279626,-0.25477404598252057,0.3368283820749765,-0.20757089612784263
0.9516162355329626,1.2544098195206725,1.2982833428357974,1.1633693068041386,-0.8056620925813712,0.6170463619638721
0.7485503327311808,-1.0150286880331476,0.5574908210459703,0.08878117907303744,0.7319596897530276,-0.5091283897434733
0.7783019355780167,-0.4995264456326445,0.49578514522018274,0.24498697467564806,-1.1145455672991056,1.1728274527949787
1.0917217504571708,-0.2864349573711613,1.6377644825204059,0.8143504252021381,-1.3917342275576357,1.2634570579309026
-0.4433248025404777,0.16218066159596436,-0.7146138791653884,-0.33191934003663376,1.4474924185843987,-1.4981531885656443
0.5626875243990637,-0.1891395016180233,0.44601862749064525,0.27318888342389525,-0.5292020952888609,0.4257727400747967
1.0865329677661189,1.896200753687242,1.4397447306657503,1.4767568239169826,-1.3647168975093464,1.3475313086898841
0.9991168856081617,1.4991157314917838,1.1198394846392123,1.2060240339130526,-1.214181982171591,1.3595481986980442
-0.10166354508900279,0.051987740070360736,-0.382578175554583,-0.13982584741672668,1.304368725054559,-1.2953750518168012
0.22031463508085758,-0.5868759343073047,0.034210482317424774,-0.11078360563634068,0.4787681770522488,-0.5079957046683574
0.790931542195256,0.44589303760402904,0.8204837020997066,0.6857694272996641,-0.4965922724162269,0.5769525476611647
0.7281184953881674,0.7505590458607377,0.6569593716972564,0.7118789709820538,0.9672870913014744,-0.7536288506887447
-0.963070428494072,-0.6491093076016413,-0.9552180574911937,-0.8521840356939788,1.4002889956633209,-1.4426377907003367
0.7135357667209216,0.9764249020014404,0.8095640569772314,0.8331749085665313,-1.6711694671109978,1.7777531890294995
0.9120004600491233,1.0302528937233049,0.9729473370659358,0.9717335636127882,-1.187339611406872,1.2175401568288806
-0.7733256728727569,-1.2725792370668974,-0.9156811014098044,-0.9871953371164862,1.3535854890107164,-1.3924016938173949
-1.1655001916515715,-0.3819127192497342,-0.9983600936503763,-0.840270496398719,0.42179286370702274,-0.5477133550681498
1.0078063696886985,0.7254616029909389,0.6893173584876459,0.8096393559587634,-1.3558034989489234,1.32167312310657
0.8848446510920202,0.4129832840359352,0.8268544746038848,0.7082274699106131,-0.9329650371678221,0.9473875552436193
-0.3668381134268549,-1.0518362308165161,-0.8108689641039785,-0.74318110278245,0.37029442090659637,-0.5738118041447536
0.6959865090387927,0.6683100895630677,0.6509647333630665,0.671753777321642,-0.47874432233279285,0.559169626064546
-0.038946415732816375,-0.7774451670997908,-0.4065116711522292,-0.4076544670457083,1.026991981881464,-1.0131584921603958
-0.31247834007039144,-0.5289783316039908,-0.7950243121932177,-0.5454936612892001,0.26296008334430465,-0.37283922730791197
0.2673888378112724,1.166313260524545,0.13150654795693972,0.5434156414016957,-0.19121084047910117,-0.06999740670727018
0.6219901487430747,1.130065558080723,0.5533696704438927,0.7684751257558968,-0.5709916394158281,0.6045110172399145
-0.8134762074079923,-0.7975647265419262,-0.9187842083122085,-0.8432750474207089,0.9732968489896329,-0.8671170982074186
-0.5801155138224757,-0.11923650369968894,-0.6663511634787538,-0.4552343936669727,0.09070634898182453,-0.24159986076199122
-0.7780088981258755,-0.7823223446900824,-1.0174136401988505,-0.8592482943382693,1.3535854890107164,-1.3924016938173949
0.9484143334428774,-0.2561253669187332,0.7913568123112311,0.4945485929451252,-0.3457335543325298,0.054311228188551865
0.820856255648513,0.7095758635143694,0.9421513518981369,0.8241944903536734,-1.369830746812769,1.2563327925648107
-0.17391404057815504,0.30844789333982925,-0.27566530278894347,-0.047043816675756384,0.6575516974584557,-0.5555350546000801
-0.46740218343671214,-0.2675045289608378,-0.707878726684034,-0.4809284796938613,1.3073977489459367,-1.3461323015088673
1.0114005900831964,0.6058963507830524,1.3990342144630556,0.9984153167284592,-0.8192415050328219,1.0556782645955238
0.3488932097350006,0.2310193725942345,0.14357149224154767,0.2411613581902609,0.31086260724250414,-0.19550473944373406
-1.253377686835283,-0.8702317812275122,-1.0122065327830736,-1.0452720002819562,1.3073977489459367,-1.3461323015088673
-0.07921366727608811,0.4299841358331114,-0.302899767534665,0.01595690034078611,-1.2545725538676529,1.3968968993990585
-0.9039856996409199,-0.36396716220956327,-0.7987856538931015,-0.688912838581195,0.6445123435090649,-0.7185589481787862
-0.7917197272673338,1.7459157375001744,-0.7025775857257601,0.0838728081690268,0.32646560432154176,-0.5318557213133429
-0.6728137513729433,1.5917053799611178,-0.9198538398581128,-0.0003207370899795265,1.3073977489459367,-1.3461323015088673
-1.1810074667739718,1.5360147475896035,-1.102478733580286,-0.24915715092155147,0.6445123435090649,-0.7185589481787862
-0.8508541596106561,-0.05632767778772893,-0.809993929750186,-0.5681490293941549,0.2103422225257522,-0.4720491474788904
-1.1246493115107026,-0.13974322945580112,-0.9147603563061869,-0.7230204409263383,1.3073977489459367,-1.3461323015088673
-0.56915467314689,-0.1777579271959092,-0.8206269031701876,-0.517189708278153,0.8777314286844552,-0.746469406462465
-1.0185995141970272,-0.7877104643663797,-0.9216287229727457,-0.9093129005120507,1.2114798913339608,-1.1994980921206089
1.0718530897912437,-0.7735067844214712,1.218704000382097,0.5056834352506231,-1.0846194753349803,1.0091602749307662
0.8701561488860031,-0.7426420639737781,0.8173570868116782,0.31495705724130113,-0.8793728206233687,0.6678930911639105
-1.1040478786401238,-1.4434048626104383,-1.067580535121051,-1.2050110921238708,1.2135428443078249,-1.2193643146314088
-0.4407147786305117,-0.7681456213686515,-0.5596818637086104,-0.5895140879025913,0.22775102371709577,-0.26978999725255937
-0.7546995080042236,-1.2213292576428252,-0.9683633935938025,-0.9814640530802838,0.9293856604889932,-0.8420192842248633
-1.196611704908068,-0.49118340168274566,-0.9483812658131696,-0.8787254574679948,-0.5992374665949616,0.3720799508529311
-0.6504637860897627,-0.4275821227666099,-0.7392154047211912,-0.6057537711925212,0.7441250293422643,-0.6467315461603106
-0.7693913751005683,0.18263315015694936,-0.7002737639345813,-0.42901066295940016,-0.2961873687620418,0.11664088955307475
-0.7451381536951743,-1.0437198127372214,-0.807483756574083,-0.8654472410021595,0.5275070093353974,-0.5035065566372572
0.09930447398655899,1.058694926406372,0.08732767963547206,0.41510902667613425,-0.8114720243665436,0.5946658212731606
-0.6316196425005137,-0.32452764391071826,-0.5867263023372024,-0.5129977122121973,-0.737051425292591,0.5669928474020032
-1.2726450961126492,-0.27508534009165825,-1.1128165461585604,-0.8828138592631414,-0.5753843143504975,0.5138093450407187
0.13665756925655478,-0.0810592597945427,-0.17850514500381892,-0.040968945180602276,0.9288337507531348,-0.8136539630091241
1.0538323199332296,-0.8504612587101763,1.1151495617071696,0.4395068743100743,-1.0714598858658282,1.0578924684956037
0.8349491365247224,0.6657931444940726,0.6190756082637389,0.7066059630941779,-0.9227528665544801,1.1144104073702417
0.979618497846879,1.116933185770958,0.924320241402125,1.0069573083399874,-1.1145455672991058,1.1203562311359507
0.7326179179005707,0.0468632004801553,0.19252052218626872,0.32634840443904706,-1.3583455604569319,1.4229093082334388
0.9173740242658343,0.15213322292177392,1.0281567807045433,0.6992213426307176,-0.8753802472887352,0.7502042448581389
-0.8720449071726238,-0.7111451414357735,-0.8336133271954637,-0.805601125267954,-0.9463128602623705,1.0871035831770095
-0.7986670396433851,-0.7575564689783054,-0.7882303887478025,-0.7814846324564978,-0.11135792764904978,0.11861938028306354
-0.7897500627691013,-0.8308366851834134,-0.778650721605911,-0.7997458231861416,-0.1570473862619373,0.0488235667424598
-0.5793503657062916,-0.5366184080191295,-0.6908798130391214,-0.5856709339827961,-0.7351738489106564,0.5385125575839107
-0.6971700812705847,-0.7231562436526455,-0.7347840740310155,-0.7183701329847485,-0.017677471633905248,-0.01656604421616517
-0.745606439925687,-0.9659694942833917,-0.7294711788799297,-0.8151861423180575,1.0799993386806965,-1.1053769707344936
0.21063526142904412,-0.06649032483865738,-0.12480611514157097,0.013738073202818767,-0.9566366729127255,0.6633020676728211
0.5421823059285248,0.7699470545112576,0.1959481754124302,0.5026925119507376,0.7069287833608696,-0.6722240832710813
-0.07260935990279466,0.18138500886384898,-0.49063406194486364,-0.10710014186773677,-1.020715446984951,0.8158332773415442
-0.2772064231380056,-0.5598554172223614,-0.5243801046294921,-0.45255387232460426,-0.5430563992984361,0.4128653814959855
1.09530447324798,1.1640264621258523,1.2103467692926675,1.1565592348888332,-1.754059317334902,1.7404619425269614
0.9610408566704411,0.12154541612911068,0.6900709328490464,0.5908857352161994,0.8440481751668042,-0.7409037318110281
0.8660078693458597,-0.42950068858814244,0.7694352427165956,0.40198080782477086,-0.9278529824671121,0.7159612761172972
0.39959466601765103,-0.23806572153539998,0.027910234970119376,0.06314639315079013,-0.6512593867047455,0.6899606199590443
1.0174273916694778,-0.04998016492043631,1.0711418638185288,0.6795296968558566,-1.2414095603661819,1.3079233818382408
0.8937716523878151,0.4435725175790612,0.7300586967959365,0.6891342889209375,-0.9156326031021454,1.0028556284128516
0.36198760400361035,0.3782518217036891,0.02352665568824301,0.2674254736935291,0.31086260724250414,-0.30032647562838893
-0.6584925954520264,-0.821428644384476,-0.8236692800763957,-0.7678635066376329,0.9404080690415402,-0.9057943921495403
0.9269459792066111,1.419914079389036,1.0417749925934718,1.1418328204887793,-1.421820183480215,1.2748947451702395
0.8809226188686342,0.9369054391522103,0.9039141230950543,0.9075679004947458,-0.9166483695009419,0.8384214140449755
-0.6647396502056812,-1.1014773250871284,-0.656571675059056,-0.8075962167839551,0.6176989403168374,-0.5048703845143578
0.6166613995307768,-0.26550607889842026,0.5146721020139114,0.2803886695682048,0.951949420595783,-1.008257834997748
0.7184005984246354,1.0045649546780506,0.5223268472270388,0.748430800109908,-1.2811824830112637,1.2095332071267084
-0.9540791883746153,-0.9320747625111735,-0.8842738982157743,-0.9234759497005213,0.26956218812797644,-0.29903017692934136
-0.6208974476937191,-1.0953051819077524,-0.6831631163156426,-0.8040295079962525,0.7683412810753765,-0.7820679955310156
0.9507080142874232,0.6669001133090184,1.1234480218325382,0.9136853831429936,-1.0111382688247579,0.9516009845489001
0.8500348792059192,0.8743489261771019,1.0327644242869012,0.9190494098899743,-0.8783740081287018,0.8301223162254263
-0.33780347930422333,0.46345407505571895,-0.3770922325648739,-0.08381387893779281,-0.6530728786589958,0.3580212772366393
-0.10627639760141888,0.31608965842097486,-0.152093473754947,0.019239929021536328,-0.8436926749562925,0.5032383508256612
0.8246991009476744,0.4202577263518099,0.9776855827906508,0.7366521465878914,-0.7606476445801204,0.7437189920365943
0.5740700177215222,0.050248010526818813,0.4877747444450503,0.3686069274415961,-0.387164614468217,0.2875628374919739
-1.0410946100918437,-1.3348694736043143,-0.9553939478470327,-1.1132215830620285,0.17863872841735115,-0.5677699401588125
